year,Number_of_Matches_Played,Rafael Nadal_win_percentage
2004,1,0.0
2005,3,100.0
2007,3,33.33333333333333
2008,2,100.0
2009,2,100.0
2010,3,100.0
2011,3,66.66666666666666
2012,3,100.0
2013,6,83.33333333333334
2014,2,50.0
2015,2,100.0
2018,1,100.0
2019,1,100.0
