year,Number_of_Matches_Played,Pete Sampras_win_percentage
1990,70,72.85714285714285
1991,71,73.23943661971832
1992,91,79.12087912087912
1993,101,84.15841584158416
1994,90,86.66666666666667
1995,89,80.89887640449437
1996,78,84.61538461538461
1997,69,82.6086956521739
1998,79,77.21518987341773
1999,50,80.0
2000,56,75.0
2001,52,67.3076923076923
2002,43,62.7906976744186
