year,Number_of_Matches_Played,Rafael Nadal_win_percentage
2006,6,66.66666666666666
2007,5,40.0
2008,4,100.0
2009,2,50.0
2010,2,50.0
2011,4,75.0
2012,2,50.0
2013,4,100.0
2014,1,100.0
2015,1,0.0
2017,4,0.0
2019,3,33.33333333333333
