year,Number_of_Matches_Played,Novak Djokovic_win_percentage
2006,1,0.0
2007,7,28.57142857142857
2008,6,33.33333333333333
2009,7,42.857142857142854
2010,2,0.0
2011,6,100.0
2012,4,25.0
2013,6,50.0
2014,3,66.66666666666666
2015,4,100.0
2016,3,100.0
2017,1,0.0
2018,2,50.0
2019,2,50.0
2020,2,50.0
2021,2,50.0
2022,1,0.0
