year,Number_of_Matches_Played,Novak Djokovic_win_percentage
2006,1,100.0
2007,2,100.0
2008,3,33.33333333333333
2009,1,0.0
2011,3,66.66666666666666
2012,7,57.14285714285714
2013,2,50.0
2014,4,100.0
2015,7,85.71428571428571
2016,5,60.0
2017,1,100.0
2022,1,100.0
