year,Number_of_Matches_Played,Leander Paes_win_percentage
1990,1,0.0
1991,11,54.54545454545454
1992,5,80.0
1993,10,40.0
1994,9,44.44444444444444
1995,18,50.0
1996,29,48.275862068965516
1997,34,44.11764705882353
1998,25,52.0
1999,16,37.5
2000,13,53.84615384615385
2001,8,62.5
2002,6,66.66666666666666
2003,4,100.0
2004,4,75.0
2005,2,50.0
2006,1,100.0
2007,1,100.0
2008,1,0.0
